[{
		"ServiceCode": "Yuetu",
		"LocationID": 10218,
		"ConfigValue": "YTCXE2FCKDA00000"
	},{
		"ServiceCode": "Yuetu",
		"LocationID": 10071,
		"ConfigValue": "YTCXE2FCKDA00000"
	},{
		"ServiceCode": "Yuetu",
		"LocationID": 10072,
		"ConfigValue": "YTCXE2FCKDA00000"
	},{
		"ServiceCode": "Yuetu",
		"LocationID": 10073,
		"ConfigValue": "YTCXE2FCKDA00000"
	},{
		"ServiceCode": "Yuetu",
		"LocationID": 10074,
		"ConfigValue": "YTCXE2FCKDA00000"
	},{
		"ServiceCode": "Yuetu",
		"LocationID": 10076,
		"ConfigValue": "YTCXE2FCKDA00000"
	},{
		"ServiceCode": "Yuetu",
		"LocationID": 10078,
		"ConfigValue": "YTCXE2FCKDA00000"
	},{
		"ServiceCode": "Yuetu",
		"LocationID": 10079,
		"ConfigValue": "YTCXE2FCKDA00000"
	},{
		"ServiceCode": "Yuetu",
		"LocationID": 10115,
		"ConfigValue": "YTCXE2FCKDA00000"
	},{
		"ServiceCode": "Yuetu",
		"LocationID": 10117,
		"ConfigValue": "YTCXE2FCKDA00000"
	},{
		"ServiceCode": "Yuetu",
		"LocationID": 10119,
		"ConfigValue": "YTCXE2FCKDA00000"
	},{
		"ServiceCode": "Yuetu",
		"LocationID": 10173,
		"ConfigValue": "YTCXE2FCKDA00000"
	},{
		"ServiceCode": "Yuetu",
		"LocationID": 10219,
		"ConfigValue": "YTCXE2FCKDA00000"
	},{
		"ServiceCode": "Yuetu",
		"LocationID": 10220,
		"ConfigValue": "YTCXE2FCKDA00000"
	},{
		"ServiceCode": "Yuetu",
		"LocationID": 10221,
		"ConfigValue": "YTCXE2FCKDA00000"
	},{
		"ServiceCode": "Yuetu",
		"LocationID": 10222,
		"ConfigValue": "YTCXE2FCKDA00000"
	},{
		"ServiceCode": "Yuetu",
		"LocationID": 10252,
		"ConfigValue": "YTCXE2FCKDA00000"
	},{
		"ServiceCode": "Yuetu",
		"LocationID": 10253,
		"ConfigValue": "YTCXE2FCKDA00000"
	},{
		"ServiceCode": "Yuetu",
		"LocationID": 10254,
		"ConfigValue": "YTCXE2FCKDA00000"
	},{
		"ServiceCode": "Yuetu",
		"LocationID": 10255,
		"ConfigValue": "YTCXE2FCKDA00000"
	},{
		"ServiceCode": "Yuetu",
		"LocationID": 10256,
		"ConfigValue": "YTCXE2FCKDA00000"
	},{
		"ServiceCode": "Yuetu",
		"LocationID": 10257,
		"ConfigValue": "YTCXE2FCKDA00000"
	},{
		"ServiceCode": "Yuetu",
		"LocationID": 10258,
		"ConfigValue": "YTCXE2FCKDA00000"
	},{
		"ServiceCode": "Yuetu",
		"LocationID": 10259,
		"ConfigValue": "YTCXE2FCKDA00000"
	},{
		"ServiceCode": "Yuetu",
		"LocationID": 10260,
		"ConfigValue": "YTCXE2FCKDA00000"
	},{
		"ServiceCode": "Yuetu",
		"LocationID": 10261,
		"ConfigValue": "YTCXE2FCKDA00000"
	},{
		"ServiceCode": "Yuetu",
		"LocationID": 10262,
		"ConfigValue": "YTCXE2FCKDA00000"
	},{
		"ServiceCode": "Yuetu",
		"LocationID": 10263,
		"ConfigValue": "YTCXE2FCKDA00000"
	},{
		"ServiceCode": "Yuetu",
		"LocationID": 10264,
		"ConfigValue": "YTCXE2FCKDA00000"
	},{
		"ServiceCode": "Yuetu",
		"LocationID": 10265,
		"ConfigValue": "YTCXE2FCKDA00000"
	},{
		"ServiceCode": "Yuetu",
		"LocationID": 10266,
		"ConfigValue": "YTCXE2FCKDA00000"
	},{
		"ServiceCode": "Yuetu",
		"LocationID": 10267,
		"ConfigValue": "YTCXE2FCKDA00000"
	},{
		"ServiceCode": "Yuetu",
		"LocationID": 10268,
		"ConfigValue": "YTCXE2FCKDA00000"
	},{
		"ServiceCode": "Yuetu",
		"LocationID": 10308,
		"ConfigValue": "YTCXE2FCKDA00000"
	},{
		"ServiceCode": "Yuetu",
		"LocationID": 10383,
		"ConfigValue": "YTCXE2FCKDA00000"
	},{
		"ServiceCode": "Yuetu",
		"LocationID": 10417,
		"ConfigValue": "YTCXE2FCKDA00000"
	},{
		"ServiceCode": "Yuetu",
		"LocationID": 10418,
		"ConfigValue": "YTCXE2FCKDA00000"
	},{
		"ServiceCode": "Yuetu",
		"LocationID": 10419,
		"ConfigValue": "YTCXE2FCKDA00000"
	},{
		"ServiceCode": "Yuetu",
		"LocationID": 10420,
		"ConfigValue": "YTCXE2FCKDA00000"
	},{
		"ServiceCode": "Yuetu",
		"LocationID": 10422,
		"ConfigValue": "YTCXE2FCKDA00000"
	},{
		"ServiceCode": "Yuetu",
		"LocationID": 10423,
		"ConfigValue": "YTCXE2FCKDA00000"
	},{
		"ServiceCode": "Yuetu",
		"LocationID": 10424,
		"ConfigValue": "YTCXE2FCKDA00000"
	},{
		"ServiceCode": "Yuetu",
		"LocationID": 10425,
		"ConfigValue": "YTCXE2FCKDA00000"
	},{
		"ServiceCode": "Yuetu",
		"LocationID": 10426,
		"ConfigValue": "YTCXE2FCKDA00000"
	},{
		"ServiceCode": "Yuetu",
		"LocationID": 10427,
		"ConfigValue": "YTCXE2FCKDA00000"
	},{
		"ServiceCode": "Yuetu",
		"LocationID": 10440,
		"ConfigValue": "YTCXE2FCKDA00000"
	},{
		"ServiceCode": "Yuetu",
		"LocationID": 10442,
		"ConfigValue": "YTCXE2FCKDA00000"
	},{
		"ServiceCode": "Yuetu",
		"LocationID": 10443,
		"ConfigValue": "YTCXE2FCKDA00000"
	},{
		"ServiceCode": "Yuetu",
		"LocationID": 10444,
		"ConfigValue": "YTCXE2FCKDA00000"
	},{
		"ServiceCode": "Yuetu",
		"LocationID": 10445,
		"ConfigValue": "YTCXE2FCKDA00000"
	},{
		"ServiceCode": "Yuetu",
		"LocationID": 10446,
		"ConfigValue": "YTCXE2FCKDA00000"
	},{
		"ServiceCode": "Yuetu",
		"LocationID": 10447,
		"ConfigValue": "YTCXE2FCKDA00000"
	},{
		"ServiceCode": "Yuetu",
		"LocationID": 10448,
		"ConfigValue": "YTCXE2FCKDA00000"
	},{
		"ServiceCode": "Yuetu",
		"LocationID": 10449,
		"ConfigValue": "YTCXE2FCKDA00000"
	},{
		"ServiceCode": "Yuetu",
		"LocationID": 10450,
		"ConfigValue": "YTCXE2FCKDA00000"
	},{
		"ServiceCode": "Yuetu",
		"LocationID": 10451,
		"ConfigValue": "YTCXE2FCKDA00000"
	},{
		"ServiceCode": "Yuetu",
		"LocationID": 10452,
		"ConfigValue": "YTCXE2FCKDA00000"
	},{
		"ServiceCode": "Yuetu",
		"LocationID": 10478,
		"ConfigValue": "YTCXE2FCKDA00000"
	},{
		"ServiceCode": "Yuetu",
		"LocationID": 10566,
		"ConfigValue": "YTCXE2FCKDA00000"
	},{
		"ServiceCode": "Yuetu",
		"LocationID": 10567,
		"ConfigValue": "YTCXE2FCKDA00000"
	},{
		"ServiceCode": "Yuetu",
		"LocationID": 10571,
		"ConfigValue": "YTCXE2FCKDA00000"
	},{
		"ServiceCode": "Yuetu",
		"LocationID": 10572,
		"ConfigValue": "YTCXE2FCKDA00000"
	},{
		"ServiceCode": "Yuetu",
		"LocationID": 10573,
		"ConfigValue": "YTCXE2FCKDA00000"
	},{
		"ServiceCode": "Yuetu",
		"LocationID": 10593,
		"ConfigValue": "YTCXE2FCKDA00000"
	},{
		"ServiceCode": "Yuetu",
		"LocationID": 10594,
		"ConfigValue": "YTCXE2FCKDA00000"
	},{
		"ServiceCode": "Yuetu",
		"LocationID": 10595,
		"ConfigValue": "YTCXE2FCKDA00000"
	},{
		"ServiceCode": "Yuetu",
		"LocationID": 10596,
		"ConfigValue": "YTCXE2FCKDA00000"
	},{
		"ServiceCode": "Yuetu",
		"LocationID": 10597,
		"ConfigValue": "YTCXE2FCKDA00000"
	},{
		"ServiceCode": "Yuetu",
		"LocationID": 10598,
		"ConfigValue": "YTCXE2FCKDA00000"
	},{
		"ServiceCode": "Yuetu",
		"LocationID": 10599,
		"ConfigValue": "YTCXE2FCKDA00000"
	},{
		"ServiceCode": "Yuetu",
		"LocationID": 10600,
		"ConfigValue": "YTCXE2FCKDA00000"
	},{
		"ServiceCode": "Yuetu",
		"LocationID": 10601,
		"ConfigValue": "YTCXE2FCKDA00000"
	},{
		"ServiceCode": "Yuetu",
		"LocationID": 10602,
		"ConfigValue": "YTCXE2FCKDA00000"
	},{
		"ServiceCode": "Yuetu",
		"LocationID": 10603,
		"ConfigValue": "YTCXE2FCKDA00000"
	},{
		"ServiceCode": "Yuetu",
		"LocationID": 10604,
		"ConfigValue": "YTCXE2FCKDA00000"
	},{
		"ServiceCode": "Yuetu",
		"LocationID": 10605,
		"ConfigValue": "YTCXE2FCKDA00000"
	},{
		"ServiceCode": "Yuetu",
		"LocationID": 10606,
		"ConfigValue": "YTCXE2FCKDA00000"
	},{
		"ServiceCode": "Yuetu",
		"LocationID": 10607,
		"ConfigValue": "YTCXE2FCKDA00000"
	},{
		"ServiceCode": "Yuetu",
		"LocationID": 10608,
		"ConfigValue": "YTCXE2FCKDA00000"
	},{
		"ServiceCode": "Yuetu",
		"LocationID": 10609,
		"ConfigValue": "YTCXE2FCKDA00000"
	},{
		"ServiceCode": "Yuetu",
		"LocationID": 10610,
		"ConfigValue": "YTCXE2FCKDA00000"
	},{
		"ServiceCode": "Yuetu",
		"LocationID": 10611,
		"ConfigValue": "YTCXE2FCKDA00000"
	},{
		"ServiceCode": "Yuetu",
		"LocationID": 10612,
		"ConfigValue": "YTCXE2FCKDA00000"
	},{
		"ServiceCode": "Yuetu",
		"LocationID": 10613,
		"ConfigValue": "YTCXE2FCKDA00000"
	},{
		"ServiceCode": "Yuetu",
		"LocationID": 10614,
		"ConfigValue": "YTCXE2FCKDA00000"
	},{
		"ServiceCode": "Yuetu",
		"LocationID": 10615,
		"ConfigValue": "YTCXE2FCKDA00000"
	},{
		"ServiceCode": "Yuetu",
		"LocationID": 10616,
		"ConfigValue": "YTCXE2FCKDA00000"
	},{
		"ServiceCode": "Yuetu",
		"LocationID": 10618,
		"ConfigValue": "YTCXE2FCKDA00000"
	},{
		"ServiceCode": "Yuetu",
		"LocationID": 10619,
		"ConfigValue": "YTCXE2FCKDA00000"
	},{
		"ServiceCode": "Yuetu",
		"LocationID": 10620,
		"ConfigValue": "YTCXE2FCKDA00000"
	},{
		"ServiceCode": "Yuetu",
		"LocationID": 10621,
		"ConfigValue": "YTCXE2FCKDA00000"
	},{
		"ServiceCode": "Yuetu",
		"LocationID": 10622,
		"ConfigValue": "YTCXE2FCKDA00000"
	},{
		"ServiceCode": "Yuetu",
		"LocationID": 10623,
		"ConfigValue": "YTCXE2FCKDA00000"
	},{
		"ServiceCode": "Yuetu",
		"LocationID": 10624,
		"ConfigValue": "YTCXE2FCKDA00000"
	},{
		"ServiceCode": "Yuetu",
		"LocationID": 10625,
		"ConfigValue": "YTCXE2FCKDA00000"
	},{
		"ServiceCode": "Yuetu",
		"LocationID": 10626,
		"ConfigValue": "YTCXE2FCKDA00000"
	},{
		"ServiceCode": "Yuetu",
		"LocationID": 10627,
		"ConfigValue": "YTCXE2FCKDA00000"
	},{
		"ServiceCode": "Yuetu",
		"LocationID": 10628,
		"ConfigValue": "YTCXE2FCKDA00000"
	},{
		"ServiceCode": "Yuetu",
		"LocationID": 10629,
		"ConfigValue": "YTCXE2FCKDA00000"
	},{
		"ServiceCode": "Yuetu",
		"LocationID": 10630,
		"ConfigValue": "YTCXE2FCKDA00000"
	},{
		"ServiceCode": "Yuetu",
		"LocationID": 10631,
		"ConfigValue": "YTCXE2FCKDA00000"
	},{
		"ServiceCode": "Yuetu",
		"LocationID": 10632,
		"ConfigValue": "YTCXE2FCKDA00000"
	},{
		"ServiceCode": "Yuetu",
		"LocationID": 10633,
		"ConfigValue": "YTCXE2FCKDA00000"
	},{
		"ServiceCode": "Yuetu",
		"LocationID": 10634,
		"ConfigValue": "YTCXE2FCKDA00000"
	},{
		"ServiceCode": "Yuetu",
		"LocationID": 10635,
		"ConfigValue": "YTCXE2FCKDA00000"
	},{
		"ServiceCode": "Yuetu",
		"LocationID": 10636,
		"ConfigValue": "YTCXE2FCKDA00000"
	},{
		"ServiceCode": "Yuetu",
		"LocationID": 10649,
		"ConfigValue": "YTCXE2FCKDA00000"
	},{
		"ServiceCode": "Yuetu",
		"LocationID": 10650,
		"ConfigValue": "YTCXE2FCKDA00000"
	},{
		"ServiceCode": "Yuetu",
		"LocationID": 10656,
		"ConfigValue": "YTCXE2FCKDA00000"
	},{
		"ServiceCode": "Yuetu",
		"LocationID": 10657,
		"ConfigValue": "YTCXE2FCKDA00000"
	},{
		"ServiceCode": "Yuetu",
		"LocationID": 30001,
		"ConfigValue": "YTCXE2FCKDA00000"
	},{
		"ServiceCode": "Yuetu",
		"LocationID": 30002,
		"ConfigValue": "YTCXE2FCKDA00000"
	},{
		"ServiceCode": "Yuetu",
		"LocationID": 30003,
		"ConfigValue": "YTCXE2FCKDA00000"
	},{
		"ServiceCode": "Yuetu",
		"LocationID": 30004,
		"ConfigValue": "YTCXE2FCKDA00000"
	},{
		"ServiceCode": "Yuetu",
		"LocationID": 30005,
		"ConfigValue": "YTCXE2FCKDA00000"
	},{
		"ServiceCode": "Yuetu",
		"LocationID": 30006,
		"ConfigValue": "YTCXE2FCKDA00000"
	},{
		"ServiceCode": "Yuetu",
		"LocationID": 30007,
		"ConfigValue": "YTCXE2FCKDA00000"
	},{
		"ServiceCode": "Yuetu",
		"LocationID": 30008,
		"ConfigValue": "YTCXE2FCKDA00000"
	},{
		"ServiceCode": "Yuetu",
		"LocationID": 30009,
		"ConfigValue": "YTCXE2FCKDA00000"
	},{
		"ServiceCode": "Yuetu",
		"LocationID": 30010,
		"ConfigValue": "YTCXE2FCKDA00000"
	},{
		"ServiceCode": "Yuetu",
		"LocationID": 30011,
		"ConfigValue": "YTCXE2FCKDA00000"
	},{
		"ServiceCode": "Yuetu",
		"LocationID": 30012,
		"ConfigValue": "YTCXE2FCKDA00000"
	},{
		"ServiceCode": "Yuetu",
		"LocationID": 30013,
		"ConfigValue": "YTCXE2FCKDA00000"
	},{
		"ServiceCode": "Yuetu",
		"LocationID": 30014,
		"ConfigValue": "YTCXE2FCKDA00000"
	},{
		"ServiceCode": "Yuetu",
		"LocationID": 30015,
		"ConfigValue": "YTCXE2FCKDA00000"
	},{
		"ServiceCode": "Yuetu",
		"LocationID": 30016,
		"ConfigValue": "YTCXE2FCKDA00000"
	},{
		"ServiceCode": "Yuetu",
		"LocationID": 30017,
		"ConfigValue": "YTCXE2FCKDA00000"
	},{
		"ServiceCode": "Yuetu",
		"LocationID": 30018,
		"ConfigValue": "YTCXE2FCKDA00000"
	},{
		"ServiceCode": "Yuetu",
		"LocationID": 30019,
		"ConfigValue": "YTCXE2FCKDA00000"
	},{
		"ServiceCode": "Yuetu",
		"LocationID": 30020,
		"ConfigValue": "YTCXE2FCKDA00000"
	},{
		"ServiceCode": "Yuetu",
		"LocationID": 30021,
		"ConfigValue": "YTCXE2FCKDA00000"
	},{
		"ServiceCode": "Yuetu",
		"LocationID": 30022,
		"ConfigValue": "YTCXE2FCKDA00000"
	},{
		"ServiceCode": "Yuetu",
		"LocationID": 30023,
		"ConfigValue": "YTCXE2FCKDA00000"
	},{
		"ServiceCode": "Yuetu",
		"LocationID": 30024,
		"ConfigValue": "YTCXE2FCKDA00000"
	},{
		"ServiceCode": "Yuetu",
		"LocationID": 30025,
		"ConfigValue": "YTCXE2FCKDA00000"
	},{
		"ServiceCode": "Yuetu",
		"LocationID": 30026,
		"ConfigValue": "YTCXE2FCKDA00000"
	},{
		"ServiceCode": "Yuetu",
		"LocationID": 30027,
		"ConfigValue": "YTCXE2FCKDA00000"
	},{
		"ServiceCode": "Yuetu",
		"LocationID": 30028,
		"ConfigValue": "YTCXE2FCKDA00000"
	},{
		"ServiceCode": "Yuetu",
		"LocationID": 30029,
		"ConfigValue": "YTCXE2FCKDA00000"
	},{
		"ServiceCode": "Yuetu",
		"LocationID": 30030,
		"ConfigValue": "YTCXE2FCKDA00000"
	},{
		"ServiceCode": "Yuetu",
		"LocationID": 30031,
		"ConfigValue": "YTCXE2FCKDA00000"
	},{
		"ServiceCode": "Yuetu",
		"LocationID": 30032,
		"ConfigValue": "YTCXE2FCKDA00000"
	},{
		"ServiceCode": "Yuetu",
		"LocationID": 30033,
		"ConfigValue": "YTCXE2FCKDA00000"
	},{
		"ServiceCode": "Yuetu",
		"LocationID": 30034,
		"ConfigValue": "YTCXE2FCKDA00000"
	},{
		"ServiceCode": "Yuetu",
		"LocationID": 30035,
		"ConfigValue": "YTCXE2FCKDA00000"
	},{
		"ServiceCode": "Yuetu",
		"LocationID": 30036,
		"ConfigValue": "YTCXE2FCKDA00000"
	},{
		"ServiceCode": "Yuetu",
		"LocationID": 30037,
		"ConfigValue": "YTCXE2FCKDA00000"
	},{
		"ServiceCode": "Yuetu",
		"LocationID": 30038,
		"ConfigValue": "YTCXE2FCKDA00000"
	},{
		"ServiceCode": "Yuetu",
		"LocationID": 30039,
		"ConfigValue": "YTCXE2FCKDA00000"
	},{
		"ServiceCode": "Yuetu",
		"LocationID": 30040,
		"ConfigValue": "YTCXE2FCKDA00000"
	},{
		"ServiceCode": "Yuetu",
		"LocationID": 30041,
		"ConfigValue": "YTCXE2FCKDA00000"
	},{
		"ServiceCode": "Yuetu",
		"LocationID": 30042,
		"ConfigValue": "YTCXE2FCKDA00000"
	},{
		"ServiceCode": "Yuetu",
		"LocationID": 30043,
		"ConfigValue": "YTCXE2FCKDA00000"
	},{
		"ServiceCode": "Yuetu",
		"LocationID": 30044,
		"ConfigValue": "YTCXE2FCKDA00000"
	},{
		"ServiceCode": "Yuetu",
		"LocationID": 30045,
		"ConfigValue": "YTCXE2FCKDA00000"
	},{
		"ServiceCode": "Yuetu",
		"LocationID": 30046,
		"ConfigValue": "YTCXE2FCKDA00000"
	},{
		"ServiceCode": "Yuetu",
		"LocationID": 30047,
		"ConfigValue": "YTCXE2FCKDA00000"
	},{
		"ServiceCode": "Yuetu",
		"LocationID": 30048,
		"ConfigValue": "YTCXE2FCKDA00000"
	},{
		"ServiceCode": "Yuetu",
		"LocationID": 30049,
		"ConfigValue": "YTCXE2FCKDA00000"
	},{
		"ServiceCode": "Yuetu",
		"LocationID": 30050,
		"ConfigValue": "YTCXE2FCKDA00000"
	},{
		"ServiceCode": "Yuetu",
		"LocationID": 30051,
		"ConfigValue": "YTCXE2FCKDA00000"
	},{
		"ServiceCode": "Yuetu",
		"LocationID": 30052,
		"ConfigValue": "YTCXE2FCKDA00000"
	},{
		"ServiceCode": "Yuetu",
		"LocationID": 30053,
		"ConfigValue": "YTCXE2FCKDA00000"
	},{
		"ServiceCode": "Yuetu",
		"LocationID": 30054,
		"ConfigValue": "YTCXE2FCKDA00000"
	},{
		"ServiceCode": "Yuetu",
		"LocationID": 30055,
		"ConfigValue": "YTCXE2FCKDA00000"
	},{
		"ServiceCode": "Yuetu",
		"LocationID": 30056,
		"ConfigValue": "YTCXE2FCKDA00000"
	},{
		"ServiceCode": "Yuetu",
		"LocationID": 30057,
		"ConfigValue": "YTCXE2FCKDA00000"
	},{
		"ServiceCode": "Yuetu",
		"LocationID": 30058,
		"ConfigValue": "YTCXE2FCKDA00000"
	},{
		"ServiceCode": "Yuetu",
		"LocationID": 30059,
		"ConfigValue": "YTCXE2FCKDA00000"
	},{
		"ServiceCode": "Yuetu",
		"LocationID": 30060,
		"ConfigValue": "YTCXE2FCKDA00000"
	},{
		"ServiceCode": "Yuetu",
		"LocationID": 30061,
		"ConfigValue": "YTCXE2FCKDA00000"
	},{
		"ServiceCode": "Yuetu",
		"LocationID": 30062,
		"ConfigValue": "YTCXE2FCKDA00000"
	},{
		"ServiceCode": "Yuetu",
		"LocationID": 30063,
		"ConfigValue": "YTCXE2FCKDA00000"
	},{
		"ServiceCode": "Yuetu",
		"LocationID": 30064,
		"ConfigValue": "YTCXE2FCKDA00000"
	},{
		"ServiceCode": "Yuetu",
		"LocationID": 30065,
		"ConfigValue": "YTCXE2FCKDA00000"
	},{
		"ServiceCode": "Yuetu",
		"LocationID": 30066,
		"ConfigValue": "YTCXE2FCKDA00000"
	},{
		"ServiceCode": "Yuetu",
		"LocationID": 30067,
		"ConfigValue": "YTCXE2FCKDA00000"
	},{
		"ServiceCode": "Yuetu",
		"LocationID": 30068,
		"ConfigValue": "YTCXE2FCKDA00000"
	},{
		"ServiceCode": "Yuetu",
		"LocationID": 30069,
		"ConfigValue": "YTCXE2FCKDA00000"
	},{
		"ServiceCode": "Yuetu",
		"LocationID": 30070,
		"ConfigValue": "YTCXE2FCKDA00000"
	},{
		"ServiceCode": "Yuetu",
		"LocationID": 30071,
		"ConfigValue": "YTCXE2FCKDA00000"
	},{
		"ServiceCode": "Yuetu",
		"LocationID": 30072,
		"ConfigValue": "YTCXE2FCKDA00000"
	},{
		"ServiceCode": "Yuetu",
		"LocationID": 30073,
		"ConfigValue": "YTCXE2FCKDA00000"
	},{
		"ServiceCode": "Yuetu",
		"LocationID": 30074,
		"ConfigValue": "YTCXE2FCKDA00000"
	},{
		"ServiceCode": "Yuetu",
		"LocationID": 30075,
		"ConfigValue": "YTCXE2FCKDA00000"
	},{
		"ServiceCode": "Yuetu",
		"LocationID": 30076,
		"ConfigValue": "YTCXE2FCKDA00000"
	},{
		"ServiceCode": "Yuetu",
		"LocationID": 30077,
		"ConfigValue": "YTCXE2FCKDA00000"
	},{
		"ServiceCode": "Yuetu",
		"LocationID": 30078,
		"ConfigValue": "YTCXE2FCKDA00000"
	},{
		"ServiceCode": "Yuetu",
		"LocationID": 30079,
		"ConfigValue": "YTCXE2FCKDA00000"
	},{
		"ServiceCode": "Yuetu",
		"LocationID": 30080,
		"ConfigValue": "YTCXE2FCKDA00000"
	},{
		"ServiceCode": "Yuetu",
		"LocationID": 30081,
		"ConfigValue": "YTCXE2FCKDA00000"
	},{
		"ServiceCode": "Yuetu",
		"LocationID": 30082,
		"ConfigValue": "YTCXE2FCKDA00000"
	},{
		"ServiceCode": "Yuetu",
		"LocationID": 30083,
		"ConfigValue": "YTCXE2FCKDA00000"
	},{
		"ServiceCode": "Yuetu",
		"LocationID": 30084,
		"ConfigValue": "YTCXE2FCKDA00000"
	},{
		"ServiceCode": "Yuetu",
		"LocationID": 30085,
		"ConfigValue": "YTCXE2FCKDA00000"
	},{
		"ServiceCode": "Yuetu",
		"LocationID": 31001,
		"ConfigValue": "YTCXE2FCKDA00000"
	},{
		"ServiceCode": "Yuetu",
		"LocationID": 31002,
		"ConfigValue": "YTCXE2FCKDA00000"
	},{
		"ServiceCode": "Yuetu",
		"LocationID": 31003,
		"ConfigValue": "YTCXE2FCKDA00000"
	},{
		"ServiceCode": "Yuetu",
		"LocationID": 31004,
		"ConfigValue": "YTCXE2FCKDA00000"
	},{
		"ServiceCode": "Yuetu",
		"LocationID": 31005,
		"ConfigValue": "YTCXE2FCKDA00000"
	},{
		"ServiceCode": "Yuetu",
		"LocationID": 31006,
		"ConfigValue": "YTCXE2FCKDA00000"
	},{
		"ServiceCode": "Yuetu",
		"LocationID": 31007,
		"ConfigValue": "YTCXE2FCKDA00000"
	},{
		"ServiceCode": "Yuetu",
		"LocationID": 31008,
		"ConfigValue": "YTCXE2FCKDA00000"
	},{
		"ServiceCode": "Yuetu",
		"LocationID": 31009,
		"ConfigValue": "YTCXE2FCKDA00000"
	},{
		"ServiceCode": "Yuetu",
		"LocationID": 31010,
		"ConfigValue": "YTCXE2FCKDA00000"
	},{
		"ServiceCode": "Yuetu",
		"LocationID": 31011,
		"ConfigValue": "YTCXE2FCKDA00000"
	},{
		"ServiceCode": "Yuetu",
		"LocationID": 31012,
		"ConfigValue": "YTCXE2FCKDA00000"
	},{
		"ServiceCode": "Yuetu",
		"LocationID": 31013,
		"ConfigValue": "YTCXE2FCKDA00000"
	},{
		"ServiceCode": "Yuetu",
		"LocationID": 31014,
		"ConfigValue": "YTCXE2FCKDA00000"
	},{
		"ServiceCode": "Yuetu",
		"LocationID": 31015,
		"ConfigValue": "YTCXE2FCKDA00000"
	},{
		"ServiceCode": "Yuetu",
		"LocationID": 31016,
		"ConfigValue": "YTCXE2FCKDA00000"
	},{
		"ServiceCode": "Yuetu",
		"LocationID": 31017,
		"ConfigValue": "YTCXE2FCKDA00000"
	},{
		"ServiceCode": "Yuetu",
		"LocationID": 31018,
		"ConfigValue": "YTCXE2FCKDA00000"
	},{
		"ServiceCode": "Yuetu",
		"LocationID": 31019,
		"ConfigValue": "YTCXE2FCKDA00000"
	},{
		"ServiceCode": "Yuetu",
		"LocationID": 31020,
		"ConfigValue": "YTCXE2FCKDA00000"
	},{
		"ServiceCode": "Yuetu",
		"LocationID": 31021,
		"ConfigValue": "YTCXE2FCKDA00000"
	},{
		"ServiceCode": "Yuetu",
		"LocationID": 31022,
		"ConfigValue": "YTCXE2FCKDA00000"
	},{
		"ServiceCode": "Yuetu",
		"LocationID": 31023,
		"ConfigValue": "YTCXE2FCKDA00000"
	},{
		"ServiceCode": "Yuetu",
		"LocationID": 31024,
		"ConfigValue": "YTCXE2FCKDA00000"
	},{
		"ServiceCode": "Yuetu",
		"LocationID": 31025,
		"ConfigValue": "YTCXE2FCKDA00000"
	},{
		"ServiceCode": "Yuetu",
		"LocationID": 31026,
		"ConfigValue": "YTCXE2FCKDA00000"
	},{
		"ServiceCode": "Yuetu",
		"LocationID": 31027,
		"ConfigValue": "YTCXE2FCKDA00000"
	},{
		"ServiceCode": "Yuetu",
		"LocationID": 31028,
		"ConfigValue": "YTCXE2FCKDA00000"
	},{
		"ServiceCode": "Yuetu",
		"LocationID": 31029,
		"ConfigValue": "YTCXE2FCKDA00000"
	},{
		"ServiceCode": "Yuetu",
		"LocationID": 31030,
		"ConfigValue": "YTCXE2FCKDA00000"
	},{
		"ServiceCode": "Yuetu",
		"LocationID": 31031,
		"ConfigValue": "YTCXE2FCKDA00000"
	},{
		"ServiceCode": "Yuetu",
		"LocationID": 31032,
		"ConfigValue": "YTCXE2FCKDA00000"
	},{
		"ServiceCode": "Yuetu",
		"LocationID": 31033,
		"ConfigValue": "YTCXE2FCKDA00000"
	},{
		"ServiceCode": "Yuetu",
		"LocationID": 31034,
		"ConfigValue": "YTCXE2FCKDA00000"
	},{
		"ServiceCode": "Yuetu",
		"LocationID": 31035,
		"ConfigValue": "YTCXE2FCKDA00000"
	},{
		"ServiceCode": "Yuetu",
		"LocationID": 31036,
		"ConfigValue": "YTCXE2FCKDA00000"
	},{
		"ServiceCode": "Yuetu",
		"LocationID": 31037,
		"ConfigValue": "YTCXE2FCKDA00000"
	},{
		"ServiceCode": "Yuetu",
		"LocationID": 31038,
		"ConfigValue": "YTCXE2FCKDA00000"
	},{
		"ServiceCode": "Yuetu",
		"LocationID": 31039,
		"ConfigValue": "YTCXE2FCKDA00000"
	},{
		"ServiceCode": "Yuetu",
		"LocationID": 31040,
		"ConfigValue": "YTCXE2FCKDA00000"
	},{
		"ServiceCode": "Yuetu",
		"LocationID": 31041,
		"ConfigValue": "YTCXE2FCKDA00000"
	},{
		"ServiceCode": "Yuetu",
		"LocationID": 31042,
		"ConfigValue": "YTCXE2FCKDA00000"
	},{
		"ServiceCode": "Yuetu",
		"LocationID": 31043,
		"ConfigValue": "YTCXE2FCKDA00000"
	},{
		"ServiceCode": "Yuetu",
		"LocationID": 31044,
		"ConfigValue": "YTCXE2FCKDA00000"
	},{
		"ServiceCode": "Yuetu",
		"LocationID": 31045,
		"ConfigValue": "YTCXE2FCKDA00000"
	},{
		"ServiceCode": "Yuetu",
		"LocationID": 31046,
		"ConfigValue": "YTCXE2FCKDA00000"
	},{
		"ServiceCode": "Yuetu",
		"LocationID": 31047,
		"ConfigValue": "YTCXE2FCKDA00000"
	},{
		"ServiceCode": "Yuetu",
		"LocationID": 31048,
		"ConfigValue": "YTCXE2FCKDA00000"
	},{
		"ServiceCode": "Yuetu",
		"LocationID": 31049,
		"ConfigValue": "YTCXE2FCKDA00000"
	},{
		"ServiceCode": "Yuetu",
		"LocationID": 31050,
		"ConfigValue": "YTCXE2FCKDA00000"
	},{
		"ServiceCode": "Yuetu",
		"LocationID": 31051,
		"ConfigValue": "YTCXE2FCKDA00000"
	},{
		"ServiceCode": "Yuetu",
		"LocationID": 31052,
		"ConfigValue": "YTCXE2FCKDA00000"
	},{
		"ServiceCode": "Yuetu",
		"LocationID": 31053,
		"ConfigValue": "YTCXE2FCKDA00000"
	},{
		"ServiceCode": "Yuetu",
		"LocationID": 31054,
		"ConfigValue": "YTCXE2FCKDA00000"
	},{
		"ServiceCode": "Yuetu",
		"LocationID": 31055,
		"ConfigValue": "YTCXE2FCKDA00000"
	},{
		"ServiceCode": "Yuetu",
		"LocationID": 31056,
		"ConfigValue": "YTCXE2FCKDA00000"
	},{
		"ServiceCode": "Yuetu",
		"LocationID": 31057,
		"ConfigValue": "YTCXE2FCKDA00000"
	},{
		"ServiceCode": "Yuetu",
		"LocationID": 31058,
		"ConfigValue": "YTCXE2FCKDA00000"
	},{
		"ServiceCode": "Yuetu",
		"LocationID": 31059,
		"ConfigValue": "YTCXE2FCKDA00000"
	},{
		"ServiceCode": "Yuetu",
		"LocationID": 31060,
		"ConfigValue": "YTCXE2FCKDA00000"
	},{
		"ServiceCode": "Yuetu",
		"LocationID": 31061,
		"ConfigValue": "YTCXE2FCKDA00000"
	},{
		"ServiceCode": "Yuetu",
		"LocationID": 31062,
		"ConfigValue": "YTCXE2FCKDA00000"
	},{
		"ServiceCode": "Yuetu",
		"LocationID": 31063,
		"ConfigValue": "YTCXE2FCKDA00000"
	},{
		"ServiceCode": "Yuetu",
		"LocationID": 31064,
		"ConfigValue": "YTCXE2FCKDA00000"
	},{
		"ServiceCode": "Yuetu",
		"LocationID": 31065,
		"ConfigValue": "YTCXE2FCKDA00000"
	},{
		"ServiceCode": "Yuetu",
		"LocationID": 31066,
		"ConfigValue": "YTCXE2FCKDA00000"
	},{
		"ServiceCode": "Yuetu",
		"LocationID": 31067,
		"ConfigValue": "YTCXE2FCKDA00000"
	},{
		"ServiceCode": "Yuetu",
		"LocationID": 31068,
		"ConfigValue": "YTCXE2FCKDA00000"
	},{
		"ServiceCode": "Yuetu",
		"LocationID": 31069,
		"ConfigValue": "YTCXE2FCKDA00000"
	},{
		"ServiceCode": "Yuetu",
		"LocationID": 31070,
		"ConfigValue": "YTCXE2FCKDA00000"
	},{
		"ServiceCode": "Yuetu",
		"LocationID": 31071,
		"ConfigValue": "YTCXE2FCKDA00000"
	},{
		"ServiceCode": "Yuetu",
		"LocationID": 31072,
		"ConfigValue": "YTCXE2FCKDA00000"
	},{
		"ServiceCode": "Yuetu",
		"LocationID": 31073,
		"ConfigValue": "YTCXE2FCKDA00000"
	},{
		"ServiceCode": "Yuetu",
		"LocationID": 31074,
		"ConfigValue": "YTCXE2FCKDA00000"
	},{
		"ServiceCode": "Yuetu",
		"LocationID": 31075,
		"ConfigValue": "YTCXE2FCKDA00000"
	},{
		"ServiceCode": "Yuetu",
		"LocationID": 31076,
		"ConfigValue": "YTCXE2FCKDA00000"
	},{
		"ServiceCode": "Yuetu",
		"LocationID": 31077,
		"ConfigValue": "YTCXE2FCKDA00000"
	},{
		"ServiceCode": "Yuetu",
		"LocationID": 31078,
		"ConfigValue": "YTCXE2FCKDA00000"
	},{
		"ServiceCode": "Yuetu",
		"LocationID": 31079,
		"ConfigValue": "YTCXE2FCKDA00000"
	},{
		"ServiceCode": "Yuetu",
		"LocationID": 31080,
		"ConfigValue": "YTCXE2FCKDA00000"
	},{
		"ServiceCode": "Yuetu",
		"LocationID": 31081,
		"ConfigValue": "YTCXE2FCKDA00000"
	},{
		"ServiceCode": "Yuetu",
		"LocationID": 31082,
		"ConfigValue": "YTCXE2FCKDA00000"
	},{
		"ServiceCode": "Yuetu",
		"LocationID": 31083,
		"ConfigValue": "YTCXE2FCKDA00000"
	},{
		"ServiceCode": "Yuetu",
		"LocationID": 31084,
		"ConfigValue": "YTCXE2FCKDA00000"
	},{
		"ServiceCode": "Yuetu",
		"LocationID": 31085,
		"ConfigValue": "YTCXE2FCKDA00000"
	},{
		"ServiceCode": "Yuetu",
		"LocationID": 31086,
		"ConfigValue": "YTCXE2FCKDA00000"
	},{
		"ServiceCode": "Yuetu",
		"LocationID": 31087,
		"ConfigValue": "YTCXE2FCKDA00000"
	},{
		"ServiceCode": "Yuetu",
		"LocationID": 31088,
		"ConfigValue": "YTCXE2FCKDA00000"
	},{
		"ServiceCode": "Yuetu",
		"LocationID": 31089,
		"ConfigValue": "YTCXE2FCKDA00000"
	},{
		"ServiceCode": "Yuetu",
		"LocationID": 31090,
		"ConfigValue": "YTCXE2FCKDA00000"
	},{
		"ServiceCode": "Yuetu",
		"LocationID": 31091,
		"ConfigValue": "YTCXE2FCKDA00000"
	},{
		"ServiceCode": "Yuetu",
		"LocationID": 31092,
		"ConfigValue": "YTCXE2FCKDA00000"
	},{
		"ServiceCode": "Yuetu",
		"LocationID": 31093,
		"ConfigValue": "YTCXE2FCKDA00000"
	},{
		"ServiceCode": "Yuetu",
		"LocationID": 31094,
		"ConfigValue": "YTCXE2FCKDA00000"
	},{
		"ServiceCode": "Yuetu",
		"LocationID": 31095,
		"ConfigValue": "YTCXE2FCKDA00000"
	},{
		"ServiceCode": "Yuetu",
		"LocationID": 31096,
		"ConfigValue": "YTCXE2FCKDA00000"
	},{
		"ServiceCode": "Yuetu",
		"LocationID": 31097,
		"ConfigValue": "YTCXE2FCKDA00000"
	},{
		"ServiceCode": "Yuetu",
		"LocationID": 31098,
		"ConfigValue": "YTCXE2FCKDA00000"
	},{
		"ServiceCode": "Yuetu",
		"LocationID": 31099,
		"ConfigValue": "YTCXE2FCKDA00000"
	},{
		"ServiceCode": "Yuetu",
		"LocationID": 31100,
		"ConfigValue": "YTCXE2FCKDA00000"
	},{
		"ServiceCode": "Yuetu",
		"LocationID": 31101,
		"ConfigValue": "YTCXE2FCKDA00000"
	},{
		"ServiceCode": "Yuetu",
		"LocationID": 31102,
		"ConfigValue": "YTCXE2FCKDA00000"
	},{
		"ServiceCode": "Yuetu",
		"LocationID": 31103,
		"ConfigValue": "YTCXE2FCKDA00000"
	},{
		"ServiceCode": "Yuetu",
		"LocationID": 31104,
		"ConfigValue": "YTCXE2FCKDA00000"
	},{
		"ServiceCode": "Yuetu",
		"LocationID": 31105,
		"ConfigValue": "YTCXE2FCKDA00000"
	},{
		"ServiceCode": "Yuetu",
		"LocationID": 31106,
		"ConfigValue": "YTCXE2FCKDA00000"
	},{
		"ServiceCode": "Yuetu",
		"LocationID": 31107,
		"ConfigValue": "YTCXE2FCKDA00000"
	},{
		"ServiceCode": "Yuetu",
		"LocationID": 31108,
		"ConfigValue": "YTCXE2FCKDA00000"
	},{
		"ServiceCode": "Yuetu",
		"LocationID": 31109,
		"ConfigValue": "YTCXE2FCKDA00000"
	},{
		"ServiceCode": "DragonPassPayment",
		"LocationID": 10005,
		"ConfigValue": "N01685"
	},{
		"ServiceCode": "DragonPassPayment",
		"LocationID": 10045,
		"ConfigValue": "N00012"
	},{
		"ServiceCode": "DragonPassPayment",
		"LocationID": 10218,
		"ConfigValue": "N01685"
	},{
		"ServiceCode": "DragonPassPayment",
		"LocationID": 10007,
		"ConfigValue": "N00016"
	},{
		"ServiceCode": "DragonPassPayment",
		"LocationID": 10060,
		"ConfigValue": "N00035"
	},{
		"ServiceCode": "DragonPassPayment",
		"LocationID": 10051,
		"ConfigValue": "N00037"
	},{
		"ServiceCode": "DragonPassPayment",
		"LocationID": 10052,
		"ConfigValue": "N00039"
	},{
		"ServiceCode": "DragonPassPayment",
		"LocationID": 10057,
		"ConfigValue": "N00041"
	},{
		"ServiceCode": "DragonPassPayment",
		"LocationID": 10044,
		"ConfigValue": "N00042"
	},{
		"ServiceCode": "DragonPassPayment",
		"LocationID": 10100,
		"ConfigValue": "N00043"
	},{
		"ServiceCode": "DragonPassPayment",
		"LocationID": 10053,
		"ConfigValue": "N00044"
	},{
		"ServiceCode": "DragonPassPayment",
		"LocationID": 10056,
		"ConfigValue": "N00045"
	},{
		"ServiceCode": "DragonPassPayment",
		"LocationID": 10050,
		"ConfigValue": "N00053"
	},{
		"ServiceCode": "DragonPassPayment",
		"LocationID": 10055,
		"ConfigValue": "N00054"
	},{
		"ServiceCode": "DragonPassPayment",
		"LocationID": 10027,
		"ConfigValue": "N00073"
	},{
		"ServiceCode": "DragonPassPayment",
		"LocationID": 10034,
		"ConfigValue": "N00075"
	},{
		"ServiceCode": "DragonPassPayment",
		"LocationID": 10036,
		"ConfigValue": "N00077"
	},{
		"ServiceCode": "DragonPassPayment",
		"LocationID": 10105,
		"ConfigValue": "N00078"
	},{
		"ServiceCode": "DragonPassPayment",
		"LocationID": 10035,
		"ConfigValue": "N00080"
	},{
		"ServiceCode": "DragonPassPayment",
		"LocationID": 10037,
		"ConfigValue": "N00081"
	},{
		"ServiceCode": "DragonPassPayment",
		"LocationID": 10042,
		"ConfigValue": "N00083"
	},{
		"ServiceCode": "DragonPassPayment",
		"LocationID": 10054,
		"ConfigValue": "N00084"
	},{
		"ServiceCode": "DragonPassPayment",
		"LocationID": 10041,
		"ConfigValue": "N00085"
	},{
		"ServiceCode": "DragonPassPayment",
		"LocationID": 10102,
		"ConfigValue": "N00087"
	},{
		"ServiceCode": "DragonPassPayment",
		"LocationID": 10085,
		"ConfigValue": "N00088"
	},{
		"ServiceCode": "DragonPassPayment",
		"LocationID": 10020,
		"ConfigValue": "N00089"
	},{
		"ServiceCode": "DragonPassPayment",
		"LocationID": 10104,
		"ConfigValue": "N00096"
	},{
		"ServiceCode": "DragonPassPayment",
		"LocationID": 10109,
		"ConfigValue": "N00098"
	},{
		"ServiceCode": "DragonPassPayment",
		"LocationID": 10111,
		"ConfigValue": "N00099"
	},{
		"ServiceCode": "DragonPassPayment",
		"LocationID": 10107,
		"ConfigValue": "N00101"
	},{
		"ServiceCode": "DragonPassPayment",
		"LocationID": 10110,
		"ConfigValue": "N00102"
	},{
		"ServiceCode": "DragonPassPayment",
		"LocationID": 10011,
		"ConfigValue": "N00122"
	},{
		"ServiceCode": "DragonPassPayment",
		"LocationID": 10029,
		"ConfigValue": "N00123"
	},{
		"ServiceCode": "DragonPassPayment",
		"LocationID": 10012,
		"ConfigValue": "N00124"
	},{
		"ServiceCode": "DragonPassPayment",
		"LocationID": 10121,
		"ConfigValue": "N00169"
	},{
		"ServiceCode": "DragonPassPayment",
		"LocationID": 10123,
		"ConfigValue": "N00374"
	},{
		"ServiceCode": "DragonPassPayment",
		"LocationID": 10133,
		"ConfigValue": "N00535"
	},{
		"ServiceCode": "DragonPassPayment",
		"LocationID": 10134,
		"ConfigValue": "N00536"
	},{
		"ServiceCode": "DragonPassPayment",
		"LocationID": 10132,
		"ConfigValue": "N00537"
	},{
		"ServiceCode": "DragonPassPayment",
		"LocationID": 10021,
		"ConfigValue": "N00567"
	},{
		"ServiceCode": "DragonPassPayment",
		"LocationID": 10139,
		"ConfigValue": "N00582"
	},{
		"ServiceCode": "DragonPassPayment",
		"LocationID": 10146,
		"ConfigValue": "N00621"
	},{
		"ServiceCode": "DragonPassPayment",
		"LocationID": 10144,
		"ConfigValue": "N00622"
	},{
		"ServiceCode": "DragonPassPayment",
		"LocationID": 10143,
		"ConfigValue": "N00650"
	},{
		"ServiceCode": "DragonPassPayment",
		"LocationID": 10155,
		"ConfigValue": "N00717"
	},{
		"ServiceCode": "DragonPassPayment",
		"LocationID": 10170,
		"ConfigValue": "N00802"
	},{
		"ServiceCode": "DragonPassPayment",
		"LocationID": 10169,
		"ConfigValue": "N00804"
	},{
		"ServiceCode": "DragonPassPayment",
		"LocationID": 10088,
		"ConfigValue": "N00805"
	},{
		"ServiceCode": "DragonPassPayment",
		"LocationID": 10163,
		"ConfigValue": "N00806"
	},{
		"ServiceCode": "DragonPassPayment",
		"LocationID": 10124,
		"ConfigValue": "N00851"
	},{
		"ServiceCode": "DragonPassPayment",
		"LocationID": 10179,
		"ConfigValue": "N00994"
	},{
		"ServiceCode": "DragonPassPayment",
		"LocationID": 10182,
		"ConfigValue": "N00995"
	},{
		"ServiceCode": "DragonPassPayment",
		"LocationID": 10186,
		"ConfigValue": "N00997"
	},{
		"ServiceCode": "DragonPassPayment",
		"LocationID": 10173,
		"ConfigValue": "N01071"
	},{
		"ServiceCode": "DragonPassPayment",
		"LocationID": 10184,
		"ConfigValue": "N01129"
	},{
		"ServiceCode": "DragonPassPayment",
		"LocationID": 10192,
		"ConfigValue": "N01154"
	},{
		"ServiceCode": "DragonPassPayment",
		"LocationID": 10193,
		"ConfigValue": "N01155"
	},{
		"ServiceCode": "DragonPassPayment",
		"LocationID": 10199,
		"ConfigValue": "N01156"
	},{
		"ServiceCode": "DragonPassPayment",
		"LocationID": 10197,
		"ConfigValue": "N01201"
	},{
		"ServiceCode": "DragonPassPayment",
		"LocationID": 10158,
		"ConfigValue": "N01214"
	},{
		"ServiceCode": "DragonPassPayment",
		"LocationID": 10203,
		"ConfigValue": "N01215"
	},{
		"ServiceCode": "DragonPassPayment",
		"LocationID": 10202,
		"ConfigValue": "N01216"
	},{
		"ServiceCode": "DragonPassPayment",
		"LocationID": 10205,
		"ConfigValue": "N01217"
	},{
		"ServiceCode": "DragonPassPayment",
		"LocationID": 10209,
		"ConfigValue": "N01230"
	},{
		"ServiceCode": "DragonPassPayment",
		"LocationID": 10212,
		"ConfigValue": "N01242"
	},{
		"ServiceCode": "DragonPassPayment",
		"LocationID": 10215,
		"ConfigValue": "N01288"
	},{
		"ServiceCode": "DragonPassPayment",
		"LocationID": 10216,
		"ConfigValue": "N01349"
	},{
		"ServiceCode": "DragonPassPayment",
		"LocationID": 10176,
		"ConfigValue": "N01557"
	},{
		"ServiceCode": "DragonPassPayment",
		"LocationID": 10210,
		"ConfigValue": "N01558"
	},{
		"ServiceCode": "DragonPassPayment",
		"LocationID": 10145,
		"ConfigValue": "N01559"
	},{
		"ServiceCode": "DragonPassPayment",
		"LocationID": 10148,
		"ConfigValue": "N01560"
	},{
		"ServiceCode": "DragonPassPayment",
		"LocationID": 10226,
		"ConfigValue": "N01654"
	},{
		"ServiceCode": "DragonPassPayment",
		"LocationID": 10228,
		"ConfigValue": "N01597"
	},{
		"ServiceCode": "DragonPassPayment",
		"LocationID": 10238,
		"ConfigValue": "N01667"
	},{
		"ServiceCode": "DragonPassPayment",
		"LocationID": 10229,
		"ConfigValue": "N01600"
	},{
		"ServiceCode": "DragonPassPayment",
		"LocationID": 10246,
		"ConfigValue": "N01664"
	},{
		"ServiceCode": "DragonPassPayment",
		"LocationID": 10234,
		"ConfigValue": "N01665"
	},{
		"ServiceCode": "DragonPassPayment",
		"LocationID": 10167,
		"ConfigValue": "N00805"
	},{
		"ServiceCode": "DragonPassPayment",
		"LocationID": 10243,
		"ConfigValue": "N01757"
	},{
		"ServiceCode": "DragonPassPayment",
		"LocationID": 10252,
		"ConfigValue": "N01779"
	},{
		"ServiceCode": "DragonPassPayment",
		"LocationID": 10231,
		"ConfigValue": "N01601"
	},{
		"ServiceCode": "DragonPassPayment",
		"LocationID": 10278,
		"ConfigValue": "N01847"
	},{
		"ServiceCode": "DragonPassPayment",
		"LocationID": 10279,
		"ConfigValue": "N01848"
	},{
		"ServiceCode": "DragonPassPayment",
		"LocationID": 10217,
		"ConfigValue": "N01394"
	},{
		"ServiceCode": "DragonPassPayment",
		"LocationID": 10350,
		"ConfigValue": "N01948"
	},{
		"ServiceCode": "DragonPassPayment",
		"LocationID": 10347,
		"ConfigValue": "N01939"
	},{
		"ServiceCode": "DragonPassPayment",
		"LocationID": 10398,
		"ConfigValue": "N02295"
	},{
		"ServiceCode": "DragonPassPayment",
		"LocationID": 10415,
		"ConfigValue": "N02294"
	},{
		"ServiceCode": "DragonPassPayment",
		"LocationID": 10429,
		"ConfigValue": "N00015"
	},{
		"ServiceCode": "DragonPassPayment",
		"LocationID": 10240,
		"ConfigValue": "N00015"
	},{
		"ServiceCode": "DragonPassPayment",
		"LocationID": 10135,
		"ConfigValue": "N02324"
	},{
		"ServiceCode": "DragonPassPayment",
		"LocationID": 10400,
		"ConfigValue": "N02323"
	},{
		"ServiceCode": "DragonPassPayment",
		"LocationID": 10434,
		"ConfigValue": "N02376"
	},{
		"ServiceCode": "DragonPassPayment",
		"LocationID": 10435,
		"ConfigValue": "N02376"
	},{
		"ServiceCode": "DragonPassPayment",
		"LocationID": 10426,
		"ConfigValue": "N02296"
	},{
		"ServiceCode": "DragonPassPayment",
		"LocationID": 10473,
		"ConfigValue": "N02634"
	},{
		"ServiceCode": "DragonPassPayment",
		"LocationID": 10276,
		"ConfigValue": "N02629"
	},{
		"ServiceCode": "DragonPassPayment",
		"LocationID": 10490,
		"ConfigValue": "N02657"
	},{
		"ServiceCode": "DragonPassPayment",
		"LocationID": 10383,
		"ConfigValue": "N02658"
	},{
		"ServiceCode": "DragonPassPayment",
		"LocationID": 10223,
		"ConfigValue": "N02659"
	},{
		"ServiceCode": "DragonPassPayment",
		"LocationID": 10437,
		"ConfigValue": "N02660"
	},{
		"ServiceCode": "DragonPassPayment",
		"LocationID": 10273,
		"ConfigValue": "N02661"
	},{
		"ServiceCode": "DragonPassPayment",
		"LocationID": 10511,
		"ConfigValue": "N02730"
	},{
		"ServiceCode": "DragonPassPayment",
		"LocationID": 10512,
		"ConfigValue": "N02731"
	},{
		"ServiceCode": "DragonPassPayment",
		"LocationID": 10516,
		"ConfigValue": "N02732"
	},{
		"ServiceCode": "DragonPassPayment",
		"LocationID": 10520,
		"ConfigValue": "N02733"
	},{
		"ServiceCode": "DragonPassPayment",
		"LocationID": 10522,
		"ConfigValue": "N02734"
	},{
		"ServiceCode": "DragonPassPayment",
		"LocationID": 10514,
		"ConfigValue": "N02735"
	},{
		"ServiceCode": "DragonPassPayment",
		"LocationID": 10518,
		"ConfigValue": "N02736"
	},{
		"ServiceCode": "DragonPassPayment",
		"LocationID": 10524,
		"ConfigValue": "N02737"
	},{
		"ServiceCode": "DragonPassPayment",
		"LocationID": 10634,
		"ConfigValue": "N02799"
	},{
		"ServiceCode": "DragonPassPayment",
		"LocationID": 10657,
		"ConfigValue": "N02799"
	},{
		"ServiceCode": "DragonPassPayment",
		"LocationID": 10495,
		"ConfigValue": "N02758"
	},{
		"ServiceCode": "DragonPassPayment",
		"LocationID": 10496,
		"ConfigValue": "N02751"
	},{
		"ServiceCode": "DragonPassPayment",
		"LocationID": 10498,
		"ConfigValue": "N02759"
	},{
		"ServiceCode": "DragonPassPayment",
		"LocationID": 10500,
		"ConfigValue": "N02760"
	},{
		"ServiceCode": "DragonPassPayment",
		"LocationID": 10502,
		"ConfigValue": "N02761"
	},{
		"ServiceCode": "DragonPassPayment",
		"LocationID": 10507,
		"ConfigValue": "N02757"
	},{
		"ServiceCode": "DragonPassPayment",
		"LocationID": 10504,
		"ConfigValue": "N02747"
	},{
		"ServiceCode": "DragonPassPayment",
		"LocationID": 10467,
		"ConfigValue": "N00564"
	},{
		"ServiceCode": "DragonPassPayment",
		"LocationID": 10468,
		"ConfigValue": "N00563"
	},{
		"ServiceCode": "DragonPassPayment",
		"LocationID": 10493,
		"ConfigValue": "N02740"
	},{
		"ServiceCode": "DragonPassPayment",
		"LocationID": 10661,
		"ConfigValue": "N02765"
	},{
		"ServiceCode": "DragonPassPayment",
		"LocationID": 10526,
		"ConfigValue": "N02837"
	},{
		"ServiceCode": "DragonPassPayment",
		"LocationID": 10078,
		"ConfigValue": "N01071"
	},{
		"ServiceCode": "DragonPassPayment",
		"LocationID": 10683,
		"ConfigValue": "N02763"
	},{
		"ServiceCode": "DragonPassPayment",
		"LocationID": 10701,
		"ConfigValue": "N02762"
	},{
		"ServiceCode": "DragonPassPayment",
		"LocationID": 10431,
		"ConfigValue": "N02373"
	},{
		"ServiceCode": "Ctrip",
		"LocationID": 10240,
		"ConfigValue": "{\"Airport\":\"HKG\",\"PolicyProductID\":\"1817\"}"
	},{
		"ServiceCode": "Ctrip",
		"LocationID": 10005,
		"ConfigValue": "{\"Airport\":\"HKG\",\"PolicyProductID\":\"1817\"}"
	},{
		"ServiceCode": "Yuetu",
		"LocationID": 10240,
		"ConfigValue": "YTCXE2FCKDA00000"
	},{
		"ServiceCode": "Yuetu",
		"LocationID": 10005,
		"ConfigValue": "YTCXE2FCKDA00000"
	},{
		"ServiceCode": "Yuetu",
		"LocationID": 10223,
		"ConfigValue": "YTCXQQ9ETMJ84400"
	},{
		"ServiceCode": "Yuetu",
		"LocationID": 10633,
		"ConfigValue": "YTCXQQ9FABPG0400"
	},{
		"ServiceCode": "CMB",
		"LocationID": 10197,
		"ConfigValue": "{\"merNo\":\"308010799999997\",\"termNo\":\"XY000001\"}"
	},{
		"ServiceCode": "CMB",
		"LocationID": 10432,
		"ConfigValue": "{\"merNo\":\"308010799999997\",\"termNo\":\"XY000001\"}"
	},{
		"ServiceCode": "CMB",
		"LocationID": 10202,
		"ConfigValue": "{\"merNo\":\"308010799999997\",\"termNo\":\"XY000001\"}"
	},{
		"ServiceCode": "CMB",
		"LocationID": 10205,
		"ConfigValue": "{\"merNo\":\"308010799999997\",\"termNo\":\"XY000001\"}"
	},{
		"ServiceCode": "CMB",
		"LocationID": 10203,
		"ConfigValue": "{\"merNo\":\"308010799999997\",\"termNo\":\"XY000001\"}"
	},{
		"ServiceCode": "CMB",
		"LocationID": 10179,
		"ConfigValue": "{\"merNo\":\"308010799999997\",\"termNo\":\"XY000001\"}"
	},{
		"ServiceCode": "CMB",
		"LocationID": 10182,
		"ConfigValue": "{\"merNo\":\"308010799999997\",\"termNo\":\"XY000001\"}"
	},{
		"ServiceCode": "CMB",
		"LocationID": 10102,
		"ConfigValue": "{\"merNo\":\"308010799999997\",\"termNo\":\"XY000001\"}"
	},{
		"ServiceCode": "CMB",
		"LocationID": 10085,
		"ConfigValue": "{\"merNo\":\"308010799999997\",\"termNo\":\"XY000001\"}"
	},{
		"ServiceCode": "CMB",
		"LocationID": 10035,
		"ConfigValue": "{\"merNo\":\"308010799999997\",\"termNo\":\"XY000001\"}"
	},{
		"ServiceCode": "CMB",
		"LocationID": 10027,
		"ConfigValue": "{\"merNo\":\"308010799999997\",\"termNo\":\"XY000001\"}"
	},{
		"ServiceCode": "CMB",
		"LocationID": 10037,
		"ConfigValue": "{\"merNo\":\"308010799999997\",\"termNo\":\"XY000001\"}"
	},{
		"ServiceCode": "CMB",
		"LocationID": 10036,
		"ConfigValue": "{\"merNo\":\"308010799999997\",\"termNo\":\"XY000001\"}"
	},{
		"ServiceCode": "CMB",
		"LocationID": 10229,
		"ConfigValue": "{\"merNo\":\"308010799999997\",\"termNo\":\"XY000001\"}"
	},{
		"ServiceCode": "CMB",
		"LocationID": 10034,
		"ConfigValue": "{\"merNo\":\"308010799999997\",\"termNo\":\"XY000001\"}"
	},{
		"ServiceCode": "CMB",
		"LocationID": 10041,
		"ConfigValue": "{\"merNo\":\"308010799999997\",\"termNo\":\"XY000001\"}"
	},{
		"ServiceCode": "CMB",
		"LocationID": 10215,
		"ConfigValue": "{\"merNo\":\"308010799999997\",\"termNo\":\"XY000001\"}"
	},{
		"ServiceCode": "CMB",
		"LocationID": 10042,
		"ConfigValue": "{\"merNo\":\"308010799999997\",\"termNo\":\"XY000001\"}"
	},{
		"ServiceCode": "CMB",
		"LocationID": 10054,
		"ConfigValue": "{\"merNo\":\"308010799999997\",\"termNo\":\"XY000001\"}"
	},{
		"ServiceCode": "CMB",
		"LocationID": 10169,
		"ConfigValue": "{\"merNo\":\"308010799999997\",\"termNo\":\"XY000001\"}"
	},{
		"ServiceCode": "CMB",
		"LocationID": 10218,
		"ConfigValue": "{\"merNo\":\"308010799999997\",\"termNo\":\"XY000001\"}"
	},{
		"ServiceCode": "CMB",
		"LocationID": 10240,
		"ConfigValue": "{\"merNo\":\"308010799999997\",\"termNo\":\"XY000001\"}"
	},{
		"ServiceCode": "CMB",
		"LocationID": 10431,
		"ConfigValue": "{\"merNo\":\"308010799999997\",\"termNo\":\"XY000001\"}"
	},{
		"ServiceCode": "CMB",
		"LocationID": 10139,
		"ConfigValue": "{\"merNo\":\"308010799999997\",\"termNo\":\"XY000001\"}"
	},{
		"ServiceCode": "CMB",
		"LocationID": 10012,
		"ConfigValue": "{\"merNo\":\"308010799999997\",\"termNo\":\"XY000001\"}"
	},{
		"ServiceCode": "CMB",
		"LocationID": 10011,
		"ConfigValue": "{\"merNo\":\"308010799999997\",\"termNo\":\"XY000001\"}"
	},{
		"ServiceCode": "CMB",
		"LocationID": 10044,
		"ConfigValue": "{\"merNo\":\"308010799999997\",\"termNo\":\"XY000001\"}"
	},{
		"ServiceCode": "CMB",
		"LocationID": 10231,
		"ConfigValue": "{\"merNo\":\"308010799999997\",\"termNo\":\"XY000001\"}"
	},{
		"ServiceCode": "CMB",
		"LocationID": 10056,
		"ConfigValue": "{\"merNo\":\"308010799999997\",\"termNo\":\"XY000001\"}"
	},{
		"ServiceCode": "CMB",
		"LocationID": 10053,
		"ConfigValue": "{\"merNo\":\"308010799999997\",\"termNo\":\"XY000001\"}"
	},{
		"ServiceCode": "CMB",
		"LocationID": 10057,
		"ConfigValue": "{\"merNo\":\"308010799999997\",\"termNo\":\"XY000001\"}"
	},{
		"ServiceCode": "CMB",
		"LocationID": 10051,
		"ConfigValue": "{\"merNo\":\"308010799999997\",\"termNo\":\"XY000001\"}"
	},{
		"ServiceCode": "CMB",
		"LocationID": 10052,
		"ConfigValue": "{\"merNo\":\"308010799999997\",\"termNo\":\"XY000001\"}"
	},{
		"ServiceCode": "CMB",
		"LocationID": 10246,
		"ConfigValue": "{\"merNo\":\"308010799999997\",\"termNo\":\"XY000001\"}"
	},{
		"ServiceCode": "CMB",
		"LocationID": 0,
		"ConfigValue": "{\"merNo\":\"308010799999997\",\"termNo\":\"XY000001\"}"
	},{
		"ServiceCode": "CMB",
		"LocationID": 10226,
		"ConfigValue": "{\"merNo\":\"308010799999997\",\"termNo\":\"XY000001\"}"
	},{
		"ServiceCode": "CMB",
		"LocationID": 10111,
		"ConfigValue": "{\"merNo\":\"308010799999997\",\"termNo\":\"XY000001\"}"
	},{
		"ServiceCode": "CMB",
		"LocationID": 10107,
		"ConfigValue": "{\"merNo\":\"308010799999997\",\"termNo\":\"XY000001\"}"
	},{
		"ServiceCode": "CMB",
		"LocationID": 10020,
		"ConfigValue": "{\"merNo\":\"308010799999997\",\"termNo\":\"XY000001\"}"
	},{
		"ServiceCode": "CMB",
		"LocationID": 10147,
		"ConfigValue": "{\"merNo\":\"308010799999997\",\"termNo\":\"XY000001\"}"
	},{
		"ServiceCode": "CMB",
		"LocationID": 10238,
		"ConfigValue": "{\"merNo\":\"308010799999997\",\"termNo\":\"XY000001\"}"
	},{
		"ServiceCode": "CMB",
		"LocationID": 10021,
		"ConfigValue": "{\"merNo\":\"308010799999997\",\"termNo\":\"XY000001\"}"
	},{
		"ServiceCode": "CMB",
		"LocationID": 10110,
		"ConfigValue": "{\"merNo\":\"308010799999997\",\"termNo\":\"XY000001\"}"
	},{
		"ServiceCode": "CMB",
		"LocationID": 10350,
		"ConfigValue": "{\"merNo\":\"308010799999997\",\"termNo\":\"XY000001\"}"
	},{
		"ServiceCode": "CMB",
		"LocationID": 10104,
		"ConfigValue": "{\"merNo\":\"308010799999997\",\"termNo\":\"XY000001\"}"
	},{
		"ServiceCode": "CMB",
		"LocationID": 10109,
		"ConfigValue": "{\"merNo\":\"308010799999997\",\"termNo\":\"XY000001\"}"
	},{
		"ServiceCode": "CMB",
		"LocationID": 10186,
		"ConfigValue": "{\"merNo\":\"308010799999997\",\"termNo\":\"XY000001\"}"
	},{
		"ServiceCode": "CMB",
		"LocationID": 10184,
		"ConfigValue": "{\"merNo\":\"308010799999997\",\"termNo\":\"XY000001\"}"
	},{
		"ServiceCode": "CMB",
		"LocationID": 10398,
		"ConfigValue": "{\"merNo\":\"308010799999997\",\"termNo\":\"XY000001\"}"
	},{
		"ServiceCode": "CMB",
		"LocationID": 10234,
		"ConfigValue": "{\"merNo\":\"308010799999997\",\"termNo\":\"XY000001\"}"
	},{
		"ServiceCode": "CMB",
		"LocationID": 10209,
		"ConfigValue": "{\"merNo\":\"308010799999997\",\"termNo\":\"XY000001\"}"
	},{
		"ServiceCode": "CMB",
		"LocationID": 10230,
		"ConfigValue": "{\"merNo\":\"308010799999997\",\"termNo\":\"XY000001\"}"
	},{
		"ServiceCode": "CMB",
		"LocationID": 10167,
		"ConfigValue": "{\"merNo\":\"308010799999997\",\"termNo\":\"XY000001\"}"
	},{
		"ServiceCode": "CMB",
		"LocationID": 10060,
		"ConfigValue": "{\"merNo\":\"308010799999997\",\"termNo\":\"XY000001\"}"
	},{
		"ServiceCode": "CMB",
		"LocationID": 10173,
		"ConfigValue": "{\"merNo\":\"308010799999997\",\"termNo\":\"XY000001\"}"
	},{
		"ServiceCode": "CMB",
		"LocationID": 10212,
		"ConfigValue": "{\"merNo\":\"308010799999997\",\"termNo\":\"XY000001\"}"
	},{
		"ServiceCode": "CMB",
		"LocationID": 10199,
		"ConfigValue": "{\"merNo\":\"308010799999997\",\"termNo\":\"XY000001\"}"
	},{
		"ServiceCode": "CMB",
		"LocationID": 10192,
		"ConfigValue": "{\"merNo\":\"308010799999997\",\"termNo\":\"XY000001\"}"
	},{
		"ServiceCode": "CMB",
		"LocationID": 10193,
		"ConfigValue": "{\"merNo\":\"308010799999997\",\"termNo\":\"XY000001\"}"
	},{
		"ServiceCode": "CMB",
		"LocationID": 10133,
		"ConfigValue": "{\"merNo\":\"308010799999997\",\"termNo\":\"XY000001\"}"
	},{
		"ServiceCode": "CMB",
		"LocationID": 10132,
		"ConfigValue": "{\"merNo\":\"308010799999997\",\"termNo\":\"XY000001\"}"
	},{
		"ServiceCode": "CMB",
		"LocationID": 10155,
		"ConfigValue": "{\"merNo\":\"308010799999997\",\"termNo\":\"XY000001\"}"
	},{
		"ServiceCode": "CMB",
		"LocationID": 10143,
		"ConfigValue": "{\"merNo\":\"308010799999997\",\"termNo\":\"XY000001\"}"
	},{
		"ServiceCode": "CMB",
		"LocationID": 10217,
		"ConfigValue": "{\"merNo\":\"308010799999997\",\"termNo\":\"XY000001\"}"
	},{
		"ServiceCode": "CMB",
		"LocationID": 10216,
		"ConfigValue": "{\"merNo\":\"308010799999997\",\"termNo\":\"XY000001\"}"
	},{
		"ServiceCode": "CMB",
		"LocationID": 10163,
		"ConfigValue": "{\"merNo\":\"308010799999997\",\"termNo\":\"XY000001\"}"
	},{
		"ServiceCode": "CMB",
		"LocationID": 10228,
		"ConfigValue": "{\"merNo\":\"308010799999997\",\"termNo\":\"XY000001\"}"
	},{
		"ServiceCode": "CMB",
		"LocationID": 10078,
		"ConfigValue": "{\"merNo\":\"308010799999997\",\"termNo\":\"XY000001\"}"
	}
]